index,"HV","k__Bacteria;__;__;__;__;__","k__Bacteria;p__Actinobacteria;c__Actinobacteria;o__Actinomycetales;f__Micrococcaceae;g__Rothia","k__Bacteria;p__Bacteroidetes;c__Bacteroidia;o__Bacteroidales;f__Porphyromo0daceae;g__Porphyromo0s","k__Bacteria;p__Bacteroidetes;c__Bacteroidia;o__Bacteroidales;f__Prevotellaceae;g__Prevotella","k__Bacteria;p__Bacteroidetes;c__Bacteroidia;o__Bacteroidales;f__[Paraprevotellaceae];g__[Prevotella]","k__Bacteria;p__Bacteroidetes;c__Flavobacteriia;o__Flavobacteriales;f__Flavobacteriaceae;g__Capnocytophaga","k__Bacteria;p__Firmicutes;c__Bacilli;o__Lactobacillales;f__Lactobacillaceae;g__Lactobacillus","k__Bacteria;p__Firmicutes;c__Bacilli;o__Lactobacillales;f__Streptococcaceae;g__Streptococcus","k__Bacteria;p__Firmicutes;c__Clostridia;o__Clostridiales;f__Lachnospiraceae;g__Oribacterium","k__Bacteria;p__Firmicutes;c__Clostridia;o__Clostridiales;f__Veillonellaceae;g__Megasphaera","k__Bacteria;p__Firmicutes;c__Clostridia;o__Clostridiales;f__Veillonellaceae;g__Veillonella","k__Bacteria;p__Fusobacteria;c__Fusobacteriia;o__Fusobacteriales;f__Fusobacteriaceae;g__Fusobacterium","k__Bacteria;p__Proteobacteria;__;__;__;__","k__Bacteria;p__Proteobacteria;c__Betaproteobacteria;o__Neisseriales;f__Neisseriaceae;g__Kingella","k__Bacteria;p__Proteobacteria;c__Betaproteobacteria;o__Neisseriales;f__Neisseriaceae;g__Neisseria","k__Bacteria;p__Proteobacteria;c__Epsilonproteobacteria;o__Campylobacterales;f__Campylobacteraceae;g__Campylobacter","k__Bacteria;p__Proteobacteria;c__Gammaproteobacteria;o__Pasteurellales;f__Pasteurellaceae;g__Actinobacillus","k__Bacteria;p__Proteobacteria;c__Gammaproteobacteria;o__Pasteurellales;f__Pasteurellaceae;g__Haemophilus","k__Bacteria;p__Proteobacteria;c__Gammaproteobacteria;o__Pseudomo0dales;f__Moraxellaceae;g__Moraxella","k__Bacteria;p__Proteobacteria;c__Gammaproteobacteria;o__Pseudomo0dales;f__Pseudomo0daceae;g__Pseudomo0s","k__Bacteria;p__TM7;c__TM7-3;o__;f__;g__","k__Bacteria;p__Proteobacteria;c__Betaproteobacteria;__;__;__","k__Bacteria;p__Firmicutes;c__Bacilli;__;__;__","k__Bacteria;p__Proteobacteria;c__Gammaproteobacteria;o__Enterobacteriales;f__Enterobacteriaceae;__","k__Bacteria;p__Firmicutes;c__Bacilli;o__Gemellales;f__Gemellaceae;g__","k__Bacteria;p__Firmicutes;c__Bacilli;o__Lactobacillales;f__Carnobacteriaceae;g__Granulicatella","k__Bacteria;p__Proteobacteria;c__Alphaproteobacteria;o__Rickettsiales;f__mitochondria;__","k__Bacteria;p__Proteobacteria;c__Alphaproteobacteria;__;__;__","k__Bacteria;p__Firmicutes;c__Clostridia;o__Clostridiales;f__Veillonellaceae;g__Schwartzia","k__Bacteria;p__Actinobacteria;c__Actinobacteria;o__Actinomycetales;f__Actinomycetaceae;g__Actinomyces","k__Bacteria;p__Bacteroidetes;c__Bacteroidia;o__Bacteroidales;f__Porphyromo0daceae;g__Tannerella","k__Bacteria;p__Firmicutes;c__Clostridia;o__Clostridiales;f__Lachnospiraceae;g__Catonella","k__Bacteria;p__Firmicutes;c__Clostridia;o__Clostridiales;f__Lachnospiraceae;g__Lachnoa0erobaculum","k__Bacteria;p__Firmicutes;c__Clostridia;o__Clostridiales;f__[Tissierellaceae];g__Parvimo0s","k__Bacteria;p__Firmicutes;c__Erysipelotrichi;o__Erysipelotrichales;f__Erysipelotrichaceae;g__Bulleidia","k__Bacteria;p__Fusobacteria;c__Fusobacteriia;o__Fusobacteriales;f__Leptotrichiaceae;g__Leptotrichia","k__Bacteria;p__Proteobacteria;c__Betaproteobacteria;o__Burkholderiales;f__Burkholderiaceae;g__Lautropia","k__Bacteria;p__Proteobacteria;c__Gammaproteobacteria;o__Enterobacteriales;f__Enterobacteriaceae;g__Proteus","k__Bacteria;p__Proteobacteria;c__Gammaproteobacteria;o__Pasteurellales;f__Pasteurellaceae;__","k__Bacteria;p__TM7;c__TM7-3;o__CW040;f__;g__","k__Bacteria;p__Firmicutes;c__Clostridia;o__Clostridiales;__;__","k__Bacteria;p__Proteobacteria;c__Gammaproteobacteria;o__Pasteurellales;f__Pasteurellaceae;g__Aggregatibacter","k__Bacteria;p__Actinobacteria;c__Actinobacteria;o__Actinomycetales;__;__","k__Bacteria;p__Firmicutes;c__Bacilli;o__Lactobacillales;__;__","k__Bacteria;p__Firmicutes;c__Clostridia;o__Clostridiales;f__Veillonellaceae;__","k__Bacteria;p__Fusobacteria;c__Fusobacteriia;o__Fusobacteriales;f__Fusobacteriaceae;g__","k__Bacteria;p__Proteobacteria;c__Betaproteobacteria;o__Neisseriales;f__Neisseriaceae;__","k__Bacteria;p__Proteobacteria;c__Gammaproteobacteria;__;__;__","k__Bacteria;p__Bacteroidetes;c__Bacteroidia;o__Bacteroidales;__;__","k__Bacteria;p__Cyanobacteria;c__Chloroplast;o__Streptophyta;f__;g__","k__Bacteria;p__Firmicutes;c__Bacilli;o__Gemellales;f__Gemellaceae;__","k__Bacteria;p__Firmicutes;c__Clostridia;o__Clostridiales;f__;g__","k__Bacteria;p__Firmicutes;c__Clostridia;o__Clostridiales;f__Lachnospiraceae;g__Moryella","k__Bacteria;p__TM7;c__TM7-3;o__CW040;f__F16;g__","k__Bacteria;p__Chloroflexi;__;__;__;__","k__Bacteria;p__Chloroflexi;c__A0erolineae;o__DRC31;f__;g__","k__Bacteria;p__Chloroflexi;c__Ktedonobacteria;o__TK10;f__;g__","k__Bacteria;p__Firmicutes;c__Bacilli;o__Bacillales;__;__","k__Bacteria;p__Firmicutes;c__Bacilli;o__Bacillales;f__Bacillaceae;__","k__Bacteria;p__Firmicutes;c__Bacilli;o__Bacillales;f__Bacillaceae;g__Sinobaca","k__Bacteria;p__Planctomycetes;c__Planctomycetia;o__;f__;g__","k__Bacteria;p__Proteobacteria;c__Alphaproteobacteria;o__Rickettsiales;f__mitochondria;g__Ochromo0s","k__Bacteria;p__Proteobacteria;c__Betaproteobacteria;o__Burkholderiales;f__Comamo0daceae;__","k__Bacteria;p__Proteobacteria;c__Betaproteobacteria;o__Burkholderiales;f__Comamo0daceae;g__Giesbergeria","k__Bacteria;p__Proteobacteria;c__Gammaproteobacteria;o__Pasteurellales;f__Pasteurellaceae;g__","k__Bacteria;p__;c__;o__;f__;g__","k__Bacteria;p__Actinobacteria;c__Actinobacteria;o__Actinomycetales;f__Corynebacteriaceae;g__Corynebacterium","k__Bacteria;p__Actinobacteria;c__Coriobacteriia;o__Coriobacteriales;f__Coriobacteriaceae;g__","k__Bacteria;p__Actinobacteria;c__Coriobacteriia;o__Coriobacteriales;f__Coriobacteriaceae;g__Atopobium","k__Bacteria;p__Bacteroidetes;__;__;__;__","k__Bacteria;p__Bacteroidetes;c__Bacteroidia;o__Bacteroidales;f__;g__","k__Bacteria;p__Bacteroidetes;c__Bacteroidia;o__Bacteroidales;f__Bacteroidaceae;g__Bacteroides","k__Bacteria;p__Bacteroidetes;c__Bacteroidia;o__Bacteroidales;f__Porphyromo0daceae;g__Macellibacteroides","k__Bacteria;p__Bacteroidetes;c__Bacteroidia;o__Bacteroidales;f__[Barnesiellaceae];g__Barnesiella","k__Bacteria;p__Bacteroidetes;c__Flavobacteriia;o__Flavobacteriales;f__Flavobacteriaceae;__","k__Bacteria;p__Bacteroidetes;c__Flavobacteriia;o__Flavobacteriales;f__[Weeksellaceae];g__","k__Bacteria;p__Firmicutes;c__Bacilli;o__Lactobacillales;f__Aerococcaceae;__","k__Bacteria;p__Firmicutes;c__Bacilli;o__Lactobacillales;f__Carnobacteriaceae;__","k__Bacteria;p__Firmicutes;c__Clostridia;o__Clostridiales;f__Lachnospiraceae;__","k__Bacteria;p__Firmicutes;c__Clostridia;o__Clostridiales;f__Lachnospiraceae;g__Butyrivibrio","k__Bacteria;p__Firmicutes;c__Clostridia;o__Clostridiales;f__Lachnospiraceae;g__Shuttleworthia","k__Bacteria;p__Firmicutes;c__Clostridia;o__Clostridiales;f__Peptostreptococcaceae;g__Filifactor","k__Bacteria;p__Firmicutes;c__Clostridia;o__Clostridiales;f__Veillonellaceae;g__Dialister","k__Bacteria;p__Firmicutes;c__Clostridia;o__Clostridiales;f__Veillonellaceae;g__Selenomo0s","k__Bacteria;p__Firmicutes;c__Erysipelotrichi;o__Erysipelotrichales;f__Erysipelotrichaceae;g__A0erorhabdus","k__Bacteria;p__OD1;__;__;__;__","k__Bacteria;p__OD1;c__;o__;f__;g__","k__Bacteria;p__Proteobacteria;c__Betaproteobacteria;o__Burkholderiales;f__Oxalobacteraceae;__","k__Bacteria;p__Proteobacteria;c__Betaproteobacteria;o__Neisseriales;f__Neisseriaceae;g__Eikenella","k__Bacteria;p__Proteobacteria;c__Epsilonproteobacteria;o__Campylobacterales;__;__","k__Bacteria;p__Proteobacteria;c__Gammaproteobacteria;o__Pasteurellales;f__Pasteurellaceae;g__Pasteurella","k__Bacteria;p__Proteobacteria;c__Gammaproteobacteria;o__Pseudomo0dales;f__Pseudomo0daceae;__","k__Bacteria;p__SR1;c__;o__;f__;g__","k__Bacteria;p__Tenericutes;c__Mollicutes;o__Mycoplasmatales;f__Mycoplasmataceae;g__Mycoplasma","k__Bacteria;p__Actinobacteria;__;__;__;__","k__Bacteria;p__Actinobacteria;c__Actinobacteria;o__Actinomycetales;f__Actinomycetaceae;__","k__Bacteria;p__Firmicutes;__;__;__;__","k__Bacteria;p__Firmicutes;c__Bacilli;o__Gemellales;__;__","k__Bacteria;p__Firmicutes;c__Bacilli;o__Gemellales;f__;g__","k__Bacteria;p__Firmicutes;c__Bacilli;o__Lactobacillales;f__Aerococcaceae;g__Granulicatella","k__Bacteria;p__Firmicutes;c__Clostridia;__;__;__","k__Bacteria;p__Fusobacteria;c__Fusobacteriia;o__Fusobacteriales;f__Fusobacteriaceae;__","k__Bacteria;p__Proteobacteria;c__Gammaproteobacteria;o__Pasteurellales;f__Pasteurellaceae;g__Avibacterium","k__Bacteria;p__Proteobacteria;c__Gammaproteobacteria;o__Pseudomo0dales;f__Moraxellaceae;g__Psychrobacter","k__Bacteria;p__Bacteroidetes;c__Bacteroidia;o__Bacteroidales;f__[Paraprevotellaceae];__","k__Bacteria;p__Bacteroidetes;c__Bacteroidia;o__Bacteroidales;f__[Paraprevotellaceae];g__","k__Bacteria;p__Firmicutes;c__Bacilli;o__Gemellales;f__Gemellaceae;g__Gemella","k__Bacteria;p__Firmicutes;c__Bacilli;o__Lactobacillales;f__Streptococcaceae;__","k__Bacteria;p__Proteobacteria;c__Alphaproteobacteria;o__Rickettsiales;__;__","k__Bacteria;p__Proteobacteria;c__Alphaproteobacteria;o__Rickettsiales;f__mitochondria;g__Polysphondylium","k__Bacteria;p__Proteobacteria;c__Betaproteobacteria;o__Burkholderiales;__;__","k__Bacteria;p__Proteobacteria;c__Betaproteobacteria;o__Burkholderiales;f__Burkholderiaceae;g__Thiomo0s","k__Bacteria;p__Proteobacteria;c__Gammaproteobacteria;o__Enterobacteriales;f__Enterobacteriaceae;g__Enterobacter","k__Bacteria;p__Proteobacteria;c__Gammaproteobacteria;o__Pasteurellales;f__Pasteurellaceae;g__Lonepinella"
003-05v1v2,"v1v2",31696,0,0,0,0,0,0,0,0,0,4,0,12765,0,0,0,321,6381,18796,106,0,0,0,0,0,0,0,0,0,0,0,0,0,0,0,2,0,0,1671,0,0,0,0,0,0,0,0,0,0,0,0,0,0,0,2,0,15404,0,0,11,0,0,0,5989,0,0,0,0,0,0,0,0,0,0,0,0,0,0,0,0,0,0,0,0,0,0,0,0,0,0,0,0,0,0,0,0,0,0,0,0,0,0,0,0,0,0,0,0,0,0,0,0,0,0
003-05v3v4,"v3v4",43573,0,4,7,0,0,0,25,5,0,9,7,3,0,0,0,0,12129,27665,42,0,0,0,0,0,0,0,0,0,0,0,0,0,0,0,2,0,0,7652,0,0,0,0,0,10,2,0,61,0,0,0,0,0,0,0,0,0,0,0,0,0,0,0,0,0,1923,0,0,0,0,0,0,0,0,0,0,0,0,0,0,0,0,0,0,0,0,0,0,0,0,0,29,0,0,0,0,0,0,0,0,0,0,0,0,0,0,0,0,0,0,0,0,0,0
003-05v5v7,"v5v7",56300,0,0,0,0,0,0,8,0,0,10,0,0,0,0,0,0,7652,10931,61,0,0,0,0,0,0,0,0,0,0,0,0,0,0,0,0,0,0,0,0,0,0,0,0,0,2,0,9195,0,0,0,0,0,0,0,0,0,0,0,0,0,0,0,0,0,0,0,0,0,0,0,0,0,0,0,0,0,0,0,0,0,0,0,0,0,0,0,0,0,0,0,0,0,0,0,0,0,0,0,0,0,0,0,8989,0,0,0,0,0,0,0,0,0,0
003-05v7v9,"v7v9",27297,0,0,0,0,0,0,18,0,0,8,0,85,0,0,0,0,9159,8989,36,0,72,0,0,0,0,0,2,0,0,0,0,0,0,0,0,0,0,0,0,0,0,0,0,0,0,0,0,0,0,0,0,0,0,0,0,0,0,0,0,0,0,0,0,0,0,0,0,0,0,0,0,0,0,0,0,0,0,0,0,0,0,0,0,0,0,0,0,0,0,0,0,0,0,0,0,0,0,0,0,0,0,0,0,0,0,0,0,0,0,0,27701,0,19781
004-04v1v2,"v1v2",27185,809,77,3542,0,0,124,10466,0,0,1335,0,7664,102,0,31,0,4,14,8043,37,0,0,0,116,100,4,0,0,55,41,0,7,5,0,0,0,0,0,0,10,0,0,0,0,0,0,0,0,48,281,0,0,0,285,2418,6543,4,27,2636,80,152,9,6174,0,0,0,0,0,0,0,0,0,0,0,0,0,0,0,0,0,0,0,0,0,0,0,0,0,0,0,0,0,0,0,0,0,0,0,0,0,0,0,0,0,0,0,0,0,0,0,0,0,0
004-04v3v4,"v3v4",42036,761,367,3675,0,33,344,10202,0,0,1684,0,229,66,0,30,2,7,40,4947,63,0,2623,0,295,88,0,0,37,128,34,0,6,11,0,0,0,0,4,0,0,0,696,193,1628,0,64,3626,482,76,274,0,0,0,0,0,0,0,0,0,0,0,0,0,0,1073,44,16,25,590,0,12,103,0,13,47,80,44,4,0,18,42,6,22,0,0,0,0,0,0,0,1538,0,0,0,0,0,0,0,0,0,0,0,0,0,0,0,0,0,0,0,0,0,0
004-04v5v7,"v5v7",58004,653,62,2156,0,13,54,7572,0,0,1636,0,0,44,0,13,0,2,19,3626,11,11,16,0,0,0,0,0,0,100,41,0,0,3,0,0,0,0,0,0,0,0,171,60,0,0,20,3586,0,0,0,0,0,0,0,0,0,0,0,0,0,0,0,0,0,0,0,0,0,0,0,0,0,0,0,0,0,0,0,0,0,0,0,0,0,0,0,0,0,0,0,0,0,0,63,14,0,120,291,52,0,0,2,13,0,0,0,0,0,0,0,0,0,0
004-04v7v9,"v7v9",30897,155,39,1720,0,0,9,5121,0,0,1132,0,11062,11,0,0,0,0,13,3586,0,1143,0,0,0,16,6,113,22,0,0,0,0,0,0,0,0,0,0,0,0,0,0,0,0,0,0,0,0,0,0,0,0,0,0,0,0,0,0,0,0,0,0,0,0,0,0,0,0,0,0,0,0,0,0,0,0,0,0,0,0,0,0,0,0,0,0,0,0,0,0,0,0,0,0,0,0,0,0,0,0,0,0,0,0,0,339,0,19,3,196,22813,0,13
005-05v1v2,"v1v2",195,0,0,0,0,0,0,0,0,0,2,0,55,0,0,0,0,0,4,365,0,0,0,0,0,0,0,0,0,0,0,0,0,0,0,0,0,0,0,0,0,0,0,0,0,0,0,0,0,0,0,0,0,0,1,0,110,0,0,0,0,0,0,0,0,0,0,0,0,0,0,0,0,0,0,0,0,0,0,0,0,0,0,0,0,0,0,0,0,0,0,0,0,0,0,0,0,0,0,0,0,0,0,0,0,0,0,0,0,0,0,0,0,0
005-05v3v4,"v3v4",431,0,0,0,0,0,0,0,0,0,0,0,17,0,0,0,0,0,6,97,0,0,0,0,0,0,0,0,0,0,0,0,0,0,0,0,0,0,0,0,0,0,0,0,0,0,0,131,0,0,0,0,0,0,0,0,0,0,0,0,0,0,0,0,0,0,0,0,0,0,0,0,0,0,0,0,0,0,0,0,0,0,0,0,0,0,0,0,0,0,0,50,0,0,0,0,0,0,0,0,0,0,0,0,0,0,0,0,0,0,0,0,0,0
005-05v5v7,"v5v7",522,0,0,0,0,0,0,0,0,0,0,0,0,0,0,0,0,0,2,131,0,0,0,0,0,0,0,0,0,0,0,0,0,0,0,0,0,0,0,0,0,0,0,0,0,0,0,77,0,0,0,0,0,0,0,0,0,0,0,0,0,0,0,0,0,0,0,0,0,0,0,0,0,0,0,0,0,0,0,0,0,0,0,0,0,0,0,0,0,0,0,0,0,0,0,0,0,0,0,0,0,0,0,0,0,0,0,0,0,0,0,0,0,0
005-05v7v9,"v7v9",371,0,0,0,0,0,0,0,0,0,0,0,10,0,0,0,0,0,0,77,0,0,0,0,0,0,0,0,0,0,0,0,0,0,0,0,0,0,0,0,0,0,0,0,0,0,0,0,0,0,0,0,0,0,0,0,0,0,0,0,0,0,0,0,0,0,0,0,0,0,0,0,0,0,0,0,0,0,0,0,0,0,0,0,0,0,0,0,0,0,0,0,0,0,0,0,0,0,0,0,0,0,0,0,0,0,0,0,0,0,0,274,0,0
007-05v1v2,"v1v2",24252,4,6,729,61,0,0,116,12,1,102,14,9205,2,370,2,0,103,18,28527,0,0,0,0,0,0,29,96,0,0,0,0,2,0,0,2,0,0,0,0,0,2,0,0,0,0,0,0,0,0,8,0,0,2,221,118,15031,0,4,159,0,12,11,1377,5,0,0,0,0,0,0,0,0,0,0,0,0,0,0,0,0,0,0,0,0,0,0,0,0,0,0,0,0,0,0,0,0,0,0,0,0,0,0,0,0,0,0,0,0,0,0,0,0,0
007-05v3v4,"v3v4",39072,3,31,673,212,2,0,283,25,17,157,32,1122,0,953,17,14,124,37,15999,0,0,13,0,13,4,0,0,0,0,0,4,4,0,2,4,0,0,110,0,0,0,0,6,177,2,0,14881,11,0,11,0,0,0,0,0,0,0,0,0,0,0,0,0,0,60,0,0,0,84,0,0,0,0,0,0,9,3,11,0,0,0,0,0,0,0,0,0,0,0,0,6421,0,0,0,0,0,0,0,0,0,0,0,0,0,0,0,0,0,0,0,0,0,0
007-05v5v7,"v5v7",54990,0,40,663,93,0,0,197,11,6,175,2,2,0,489,5,0,77,18,14881,0,0,0,3,0,0,0,0,0,2,0,0,0,0,0,2,0,0,0,0,4,0,0,7,0,0,75,8827,0,0,0,0,0,0,0,0,0,0,0,0,0,0,0,0,0,0,0,0,0,0,0,0,0,0,0,0,0,0,0,0,0,0,0,0,0,0,0,0,0,0,0,0,0,0,0,0,4,5,8,8,3,0,0,6,0,0,0,0,0,0,0,0,0,0
007-05v7v9,"v7v9",31384,0,5,169,11,0,0,35,11,7,65,0,1232,0,95,2,0,28,6,8802,0,2,5,0,1,0,16,23,0,0,0,0,0,0,0,0,0,0,0,0,0,0,0,0,0,0,0,0,0,0,0,0,0,0,0,0,0,0,0,0,0,0,0,0,0,0,0,0,0,0,0,0,0,0,0,0,0,0,0,0,0,0,0,0,0,0,0,0,0,0,0,0,0,0,0,0,0,0,0,0,0,0,0,0,3,8,2,0,2,0,10,38431,0,248
009-03v1v2,"v1v2",21511,81,615,9937,688,0,0,756,127,175,1109,306,14118,0,2,0,0,51,6,11482,0,4,0,0,0,24,156,857,0,10,2,0,302,9,20,0,0,0,0,0,0,0,0,0,0,0,0,0,72,0,0,0,15,2,80,389,8319,0,66,1024,0,39,10,4971,0,0,0,0,0,0,0,0,0,0,0,0,0,0,0,0,0,0,0,0,0,0,0,0,0,0,0,0,0,0,0,0,0,0,0,0,0,0,0,0,0,0,0,0,0,0,0,0,0,0
009-03v3v4,"v3v4",44499,61,1226,7964,1261,74,0,1272,135,490,1018,281,375,0,0,4,0,25,2,6672,0,0,0,0,2,7,0,0,0,0,2,0,383,16,16,0,0,0,38,0,0,0,77,26,1621,116,0,5764,250,0,0,48,17,8,0,0,0,0,0,0,0,0,0,0,0,318,5,0,12,980,0,0,5,66,32,10,13,12,65,0,11,22,0,0,9,0,0,0,0,0,0,2025,0,0,0,0,0,0,0,0,0,0,0,0,0,0,0,0,0,0,0,0,0,0
009-03v5v7,"v5v7",53203,76,459,10272,688,32,0,997,65,153,1351,91,0,0,0,0,0,32,0,5764,0,0,11,2,0,0,0,0,0,12,0,0,77,9,9,0,0,0,0,0,46,0,8,12,132,2,0,3748,0,0,0,0,0,0,0,0,0,0,0,0,0,0,0,0,0,0,0,0,0,0,0,0,0,0,0,0,0,0,0,0,0,0,0,0,0,0,0,0,0,0,0,0,0,0,0,0,24,0,0,12,19,23,6,0,0,0,0,0,0,0,0,0,0,0
009-03v7v9,"v7v9",40235,8,237,2769,109,3,0,147,89,279,586,30,9282,0,0,0,0,10,0,3740,0,29,39,0,22,11,78,124,0,0,0,0,0,0,0,0,0,0,0,0,0,0,0,0,0,0,0,0,0,0,0,0,0,0,0,0,0,0,0,0,0,0,0,0,0,0,0,0,0,0,0,0,0,0,0,0,0,0,0,0,0,0,0,0,0,0,0,0,0,0,0,0,0,0,0,0,0,0,0,0,0,0,0,0,50,114,0,6,145,0,40,19090,0,63
11-03v1v2,"v1v2",1382,21,2,13,0,0,0,375,8,0,39,7,201,0,0,0,0,0,0,677,0,0,0,0,0,12,0,0,0,0,0,0,0,0,0,0,0,4,0,0,0,0,0,0,0,0,0,0,0,0,0,0,2,0,15,265,394,0,0,131,0,0,0,242,0,0,0,0,0,0,0,0,0,0,0,0,0,0,0,0,0,0,0,0,0,0,0,0,0,0,0,0,0,0,0,0,0,0,0,0,0,0,0,0,0,0,0,0,0,0,0,0,0,0
11-03v3v4,"v3v4",2063,14,11,12,2,0,2,822,7,0,29,6,10,0,2,0,0,2,0,226,0,0,13,0,6,6,0,0,0,0,0,0,0,2,0,0,0,3,0,0,0,0,25,9,54,6,0,276,0,0,1,0,0,0,0,0,0,0,0,0,0,0,0,0,0,69,0,0,0,0,0,0,0,0,0,0,3,1,0,0,0,0,0,0,0,0,0,0,0,0,0,108,0,0,0,0,0,0,0,0,0,0,0,0,0,0,0,0,0,0,0,0,0,0
11-03v5v7,"v5v7",2690,25,0,10,0,0,3,503,0,0,57,6,0,0,0,0,0,0,0,276,0,0,2,2,0,0,0,0,0,0,0,0,0,0,0,0,0,0,0,0,0,0,6,3,0,0,0,200,0,0,0,0,0,0,0,0,0,0,0,0,0,0,0,0,0,0,0,0,0,0,0,0,0,0,0,0,0,0,0,0,0,0,0,0,0,0,0,0,0,0,0,0,0,0,0,0,2,0,3,2,0,0,0,0,0,0,0,0,0,0,0,0,0,0
11-03v7v9,"v7v9",1332,6,0,0,0,0,0,240,2,0,10,0,362,0,0,0,0,2,0,200,0,40,11,0,3,2,1,7,0,0,0,0,0,0,0,0,0,0,0,0,0,0,0,0,0,0,0,0,0,0,0,0,0,0,0,0,0,0,0,0,0,0,0,0,0,0,0,0,0,0,0,0,0,0,0,0,0,0,0,0,0,0,0,0,0,0,0,0,0,0,0,0,0,0,0,0,0,0,0,0,0,0,0,0,0,0,2,0,2,0,2,1561,3,2
12-03v1v2,"v1v2",5761,0,139,184,0,0,0,212,43,0,45,88,7269,0,6,96,0,35,0,19112,51,0,0,0,5,2,4,4,0,0,0,0,0,0,0,8,0,0,0,0,17,0,0,0,0,0,0,0,0,0,0,0,0,6,22,237,2669,0,23,240,0,4,3,765,0,0,0,0,0,0,0,0,0,0,0,0,0,0,0,0,0,0,0,0,0,0,0,0,0,0,0,0,0,0,0,0,0,0,0,0,0,0,0,0,0,0,0,0,0,0,0,0,0,0
12-03v3v4,"v3v4",22583,2,437,145,2,95,0,409,23,0,227,97,287,0,6,19,0,55,0,4357,6,0,19,0,1,3,0,0,0,0,2,4,6,0,0,27,0,0,64,0,0,0,0,22,529,101,0,1705,3,5,62,14,7,0,0,0,0,0,0,0,0,0,0,0,0,13,0,0,0,128,0,0,0,0,12,6,13,0,12,3,0,0,0,0,0,5,5,0,0,15,0,5514,0,0,0,0,0,0,0,0,0,0,0,0,0,0,0,0,0,0,0,0,0,0
12-03v5v7,"v5v7",31870,0,126,60,0,12,0,235,8,0,532,62,1,0,2,65,0,0,0,1705,17,0,0,11,0,0,0,0,0,0,0,4,0,0,0,0,0,0,0,0,10,0,0,11,0,8,0,2180,0,0,0,0,0,0,0,0,0,0,0,0,0,0,0,0,0,0,0,0,0,0,0,0,0,0,0,0,0,0,0,0,0,0,0,0,0,0,0,0,0,0,0,0,0,0,0,0,8,3,16,9,0,31,64,0,0,0,0,0,0,0,0,0,0,0
12-03v7v9,"v7v9",21084,0,13,0,0,0,0,173,10,0,77,10,565,0,0,1,0,11,0,2180,0,19,1,0,0,0,4,16,0,0,0,0,0,0,0,0,0,0,0,0,0,0,0,0,0,0,0,0,0,0,0,0,0,0,0,0,0,0,0,0,0,0,0,0,0,0,0,0,0,0,0,0,0,0,0,0,0,0,0,0,0,0,0,0,0,0,0,0,0,0,0,0,0,0,0,0,0,0,0,0,0,0,0,0,0,0,6,0,3,0,13,12745,0,119
15-03v1v2,"v1v2",23783,47,2,274,6,0,0,202,229,7,225,0,12487,7,2504,261,0,32,4930,25802,5,0,0,0,19,2,4,8,0,0,0,0,2,0,0,14,0,0,0,0,0,0,0,0,0,0,0,0,0,0,7,0,2,0,139,253,13150,2,20,328,0,12,91,5196,4,0,0,0,0,0,0,0,0,0,0,0,0,0,0,0,0,0,0,0,0,0,0,0,0,0,0,0,0,0,0,0,0,0,0,0,0,0,0,0,0,0,0,0,0,0,0,0,0,0
15-03v3v4,"v3v4",41431,23,3,204,26,18,0,498,622,8,356,0,1137,5,3865,181,1,210,5664,13671,0,0,60,0,25,11,0,0,0,0,0,33,4,0,0,7,0,0,46,0,0,0,24,14,271,0,2,11662,4,0,41,7,8,0,0,0,0,0,0,0,0,0,0,0,0,897,0,0,3,11,0,0,0,0,0,8,6,3,117,0,0,0,7,0,0,0,0,0,0,23,0,8839,0,0,0,0,0,0,0,0,0,0,0,0,0,0,0,0,0,0,0,0,0,0
15-03v5v7,"v5v7",65296,19,3,229,13,0,0,187,95,0,279,0,49,2,1802,96,0,11,2191,11662,0,0,4,4,0,0,0,0,0,5,0,22,0,0,0,0,0,0,0,0,6,0,0,2,0,0,432,6898,0,0,0,0,0,0,0,0,0,0,0,0,0,0,0,0,0,0,0,0,0,0,0,0,0,0,0,0,0,0,0,0,0,0,0,0,0,0,0,0,0,0,0,0,0,0,7,0,58,4,16,6,0,0,0,658,0,0,0,0,0,0,0,0,0,0
15-03v7v9,"v7v9",35489,0,0,35,0,0,0,70,64,2,161,0,1600,0,453,49,0,14,658,6888,0,38,3,0,1,4,31,36,0,0,0,0,0,0,0,0,0,0,0,0,0,0,0,0,0,0,0,0,0,0,0,0,0,0,0,0,0,0,0,0,0,0,0,0,0,0,0,0,0,0,0,0,0,0,0,0,0,0,0,0,0,0,0,0,0,0,0,0,0,0,0,0,0,0,0,0,0,0,0,0,0,0,0,0,0,0,12,0,0,0,4,44187,0,257
16-4v1v2,"v1v2",39523,145,130,86,0,0,0,250,22,0,126,0,12708,0,0,16,0,8,28,33661,0,0,0,0,0,0,11,0,0,0,149,0,0,24,0,0,0,0,2,0,0,0,0,0,0,0,0,0,0,415,0,0,9,0,576,53,24417,1,13,141,0,76,15,493,0,0,0,0,0,0,0,0,0,0,0,0,0,0,0,0,0,0,0,0,0,0,0,0,0,0,0,0,0,0,0,0,0,0,0,0,0,0,0,0,0,0,0,0,0,0,0,0,0,0
16-4v3v4,"v3v4",49285,133,463,67,0,0,14,266,16,2,142,32,1174,0,0,13,0,19,32,19260,0,0,1,0,0,0,35,0,0,0,76,0,2,13,0,0,0,0,27,0,0,0,121,10,182,45,0,31327,8,278,0,0,5,0,0,0,0,0,0,0,0,0,0,0,0,138,0,0,0,2,0,0,138,41,0,0,0,0,0,0,0,0,0,0,0,0,0,0,0,0,0,9721,0,10,0,0,0,0,0,0,0,0,0,0,0,0,0,0,0,0,0,0,0,0
16-4v5v7,"v5v7",65868,118,49,89,0,0,11,309,0,0,193,28,0,0,0,0,0,24,14,31327,0,0,0,0,0,0,0,0,0,8,138,0,0,11,0,0,0,0,0,0,0,0,1,0,0,9,0,14875,0,0,0,0,0,0,0,0,0,0,0,0,0,0,0,0,0,0,0,0,0,0,0,0,0,0,0,0,0,0,0,0,0,0,0,0,0,0,0,0,0,0,0,0,0,0,0,0,2,0,0,0,0,8,3,13,0,0,0,0,0,0,0,0,0,0
16-4v7v9,"v7v9",36050,1,0,14,0,0,3,77,2,0,106,0,1829,0,0,0,0,24,13,14851,0,5,7,0,12,0,5,18,0,0,0,0,0,0,0,0,0,0,0,0,0,0,0,0,0,0,0,0,0,0,0,0,0,0,0,0,0,0,0,0,0,0,0,0,0,0,0,0,0,0,0,0,0,0,0,0,0,0,0,0,0,0,0,0,0,0,0,0,0,0,0,0,0,0,0,0,0,0,0,0,0,0,0,0,0,0,0,0,2,0,18,60015,0,46
18-03v1v2,"v1v2",971,40,4,16,0,0,26,141,0,0,170,8,250,0,0,0,0,0,17,121,0,0,0,0,7,34,0,0,0,17,0,0,0,2,0,0,0,115,0,0,0,0,0,0,0,0,0,0,0,9,3,0,0,0,15,272,170,2,17,265,0,2,0,117,0,0,0,0,0,0,0,0,0,0,0,0,0,0,0,0,0,0,0,0,0,0,0,0,0,0,0,0,0,0,0,0,0,0,0,0,0,0,0,0,0,0,0,0,0,0,0,0,0,0
18-03v3v4,"v3v4",1346,47,18,16,0,5,89,611,0,0,218,19,3,0,0,8,0,0,33,27,0,0,1,8,0,5,0,0,0,0,2,0,0,2,0,0,0,70,0,0,0,0,34,46,89,0,0,11,0,5,10,0,0,0,0,0,0,0,0,0,0,0,0,0,0,37,0,0,2,0,0,0,0,0,0,0,2,12,0,0,0,0,0,0,0,0,0,0,0,0,0,35,0,0,0,0,0,0,0,0,0,0,0,0,0,0,0,0,0,0,0,0,0,0
18-03v5v7,"v5v7",2439,34,0,0,0,0,8,93,0,0,90,0,0,0,0,0,0,0,7,11,0,0,15,31,0,0,0,0,0,4,0,0,0,0,0,0,0,8,0,0,0,0,28,4,0,0,0,30,0,0,0,0,0,0,0,0,0,0,0,0,0,0,0,0,0,0,0,0,0,0,0,0,0,0,0,0,0,0,0,0,0,0,0,0,0,0,0,0,0,0,0,0,0,0,1,0,0,0,0,0,0,0,0,8,0,0,0,0,0,0,0,0,0,0
18-03v7v9,"v7v9",980,28,0,0,0,0,11,282,0,0,131,0,612,0,0,0,0,0,8,30,0,3,10,31,8,17,14,41,0,0,0,0,0,0,0,0,0,0,0,0,0,0,0,0,0,0,0,0,0,0,0,0,0,0,0,0,0,0,0,0,0,0,0,0,0,0,0,0,0,0,0,0,0,0,0,0,0,0,0,0,0,0,0,0,0,0,0,0,0,0,0,0,0,0,0,0,0,0,0,0,0,0,0,0,0,0,2,0,3,0,10,555,27,8
30-02v1v2,"v1v2",6015,0,0,14,0,0,0,4,0,0,13,0,3822,0,116,0,0,6,0,15918,0,2,0,0,0,6,0,0,0,0,0,0,0,0,0,0,0,0,0,0,0,0,0,0,0,0,0,0,0,0,0,0,0,0,119,28,4093,0,0,4,0,0,0,145,0,0,0,0,0,0,0,0,0,0,0,0,0,0,0,0,0,0,0,0,0,0,0,0,0,0,0,0,0,0,0,0,0,0,0,0,0,0,0,0,0,0,0,0,0,0,0,0,0,0
30-02v3v4,"v3v4",16579,0,7,35,0,0,0,32,0,0,8,2,768,0,151,0,0,0,0,3077,0,0,0,0,0,0,0,0,0,0,0,0,0,0,0,0,0,0,8,0,0,0,0,2,12,4,0,6731,0,0,0,0,0,0,0,0,0,0,0,0,0,0,0,0,0,4,0,0,0,8,0,0,0,0,0,0,6,0,0,0,0,0,0,0,0,0,0,0,0,0,0,2871,0,0,0,0,0,0,0,0,0,0,0,0,0,0,0,0,0,0,0,0,0,0
30-02v5v7,"v5v7",22202,0,4,29,0,0,0,18,0,0,12,4,0,0,71,0,0,2,0,6731,0,3,0,0,0,0,0,0,0,0,0,0,0,0,0,0,0,0,0,0,0,0,0,6,0,0,0,1223,0,0,0,0,0,0,0,0,0,0,0,0,0,0,0,0,0,0,0,0,0,0,0,0,0,0,0,0,0,0,0,0,0,0,0,0,0,0,0,0,0,0,0,0,0,0,0,0,0,0,0,0,0,0,0,0,0,0,0,0,0,0,0,0,0,0
30-02v7v9,"v7v9",16137,0,0,0,0,0,0,2,0,0,6,0,352,0,3,0,0,0,0,1223,0,0,0,0,0,0,2,2,0,0,0,0,0,0,0,0,0,0,0,0,0,0,0,0,0,0,0,0,0,0,0,0,0,0,0,0,0,0,0,0,0,0,0,0,0,0,0,0,0,0,0,0,0,0,0,0,0,0,0,0,0,0,0,0,0,0,0,0,0,0,0,0,0,0,0,0,0,0,0,0,0,0,0,0,0,0,0,0,0,0,0,12570,0,8
32-4v1v2,"v1v2",1145,135,155,230,2,0,0,12,0,0,55,4,801,0,0,5,0,0,0,1659,18,0,0,0,0,0,0,4,0,3,0,0,7,0,4,19,0,0,0,0,0,0,0,0,0,0,0,0,0,45,0,0,2,0,8,47,521,0,7,71,0,0,1,429,0,0,0,0,0,0,0,0,0,0,0,0,0,0,0,0,0,0,0,0,0,0,0,0,0,0,0,0,0,0,0,0,0,0,0,0,0,0,0,0,0,0,0,0,0,0,0,0,0,0
32-4v3v4,"v3v4",2736,29,371,266,8,10,0,88,0,7,100,15,53,0,0,6,0,0,0,302,5,0,23,0,0,0,0,0,0,0,0,0,8,0,2,4,0,0,0,0,0,0,84,0,93,0,0,494,0,10,7,2,0,0,0,0,0,0,0,0,0,0,0,0,0,12,0,0,0,303,0,0,0,0,0,0,0,0,3,2,0,0,0,0,1,0,0,0,0,0,0,345,0,0,0,0,0,0,0,0,0,0,0,0,0,0,0,0,0,0,0,0,0,0
32-4v5v7,"v5v7",4009,83,296,141,0,0,0,52,0,2,93,0,0,0,0,2,0,0,0,494,2,0,0,0,0,0,0,0,0,6,0,0,0,0,1,0,0,0,0,0,0,0,5,0,0,0,0,199,0,0,0,0,0,0,0,0,0,0,0,0,0,0,0,0,0,0,0,0,0,0,0,0,0,0,0,0,0,0,0,0,0,0,0,0,0,0,0,0,0,0,0,0,0,0,0,0,0,2,2,0,0,0,0,0,0,0,0,0,0,0,0,0,0,0
32-4v7v9,"v7v9",3111,5,19,15,0,0,0,11,0,0,19,0,335,0,0,0,0,0,0,199,0,8,0,0,0,0,12,14,0,0,0,0,0,0,0,0,0,0,0,0,0,0,0,0,0,0,0,0,0,0,0,0,0,0,0,0,0,0,0,0,0,0,0,0,0,0,0,0,0,0,0,0,0,0,0,0,0,0,0,0,0,0,0,0,0,0,0,0,0,0,0,0,0,0,0,0,0,0,0,0,0,0,0,0,0,0,0,0,3,3,2,1633,0,0
35-2v1v2,"v1v2",8581,90,0,184,0,0,0,90,16,0,58,0,3948,0,59,5,2,141,0,12664,0,0,0,0,0,0,0,0,0,0,0,0,0,0,0,0,4,0,0,0,0,0,0,0,0,0,0,0,0,0,0,0,0,0,65,121,4929,0,7,145,0,0,0,239,0,0,0,0,0,0,0,0,0,0,0,0,0,0,0,0,0,0,0,0,0,0,0,0,0,0,0,0,0,0,0,0,0,0,0,0,0,0,0,0,0,0,0,0,0,0,0,0,0,0
35-2v3v4,"v3v4",16888,13,2,151,0,0,0,353,13,0,87,0,368,0,130,5,3,109,0,4857,0,0,3,0,6,12,0,0,0,0,0,0,0,0,0,0,2,0,69,0,0,0,42,8,89,0,0,4983,0,0,7,0,0,0,0,0,0,0,0,0,0,0,0,0,0,31,0,0,0,10,0,0,0,0,0,0,5,3,2,0,0,0,0,0,0,0,0,4,2,0,0,3091,0,0,0,0,0,0,0,0,0,0,0,0,0,0,0,0,0,0,0,0,0,0
35-2v5v7,"v5v7",22323,42,3,94,0,0,0,81,2,0,90,0,2,0,45,0,0,12,0,4983,0,12,5,9,0,0,0,0,0,0,0,0,0,0,0,0,4,0,1,0,0,0,11,5,0,0,12,3605,0,0,0,0,0,0,0,0,0,0,0,0,0,0,0,0,0,0,0,0,0,0,0,0,0,0,0,0,0,0,0,0,0,0,0,0,0,0,0,0,0,0,0,0,0,0,0,0,0,0,3,4,0,0,0,0,0,0,0,0,0,0,0,0,0,0
35-2v7v9,"v7v9",13580,11,2,17,0,0,0,61,0,0,66,0,490,0,24,2,0,33,0,3581,0,17,0,0,0,5,5,8,0,0,0,0,0,0,0,0,0,0,0,0,0,0,0,0,0,0,0,0,0,0,0,0,0,0,0,0,0,0,0,0,0,0,0,0,0,0,0,0,0,0,0,0,0,0,0,0,0,0,0,0,0,0,0,0,0,0,0,0,0,0,0,0,0,0,0,0,0,0,0,0,0,0,0,0,0,0,2,1,0,0,3,13259,0,181
39-1v1v2,"v1v2",4260,0,0,42,0,0,0,2,0,0,12,0,1199,0,0,0,0,0,0,6963,0,0,0,0,0,0,0,3,0,0,0,0,0,0,0,0,0,0,0,0,0,0,0,0,0,0,0,0,0,0,0,0,0,0,3,0,1438,0,0,9,0,0,0,24,0,0,0,0,0,0,0,0,0,0,0,0,0,0,0,0,0,0,0,0,0,0,0,0,0,0,0,0,0,0,0,0,0,0,0,0,0,0,0,0,0,0,0,0,0,0,0,0,0,0
39-1v3v4,"v3v4",8808,0,2,25,0,0,0,8,4,0,12,0,199,0,2,0,0,0,0,2608,2,0,0,0,0,0,0,0,0,0,0,0,2,0,0,0,0,0,0,0,0,0,0,0,6,0,0,1353,0,0,0,0,0,0,0,0,0,0,0,0,0,0,0,0,0,0,0,0,0,2,0,0,0,0,0,0,0,0,0,0,0,0,0,0,0,0,0,0,0,0,0,922,0,0,0,0,0,0,0,0,0,0,0,0,0,0,0,0,0,0,0,0,0,0
39-1v5v7,"v5v7",10631,0,2,23,0,0,0,2,0,0,6,0,0,0,2,0,0,0,0,1353,0,0,0,0,0,0,0,0,0,0,0,0,0,0,0,0,0,0,0,0,0,0,0,0,0,0,0,1936,0,0,0,0,0,0,0,0,0,0,0,0,0,0,0,0,0,0,0,0,0,0,0,0,0,0,0,0,0,0,0,0,0,0,0,0,0,0,0,0,0,0,0,0,0,0,0,0,0,0,0,0,0,0,0,0,0,0,0,0,0,0,0,0,0,0
39-1v7v9,"v7v9",7051,0,0,9,0,0,0,6,0,0,12,0,31,0,0,0,0,0,0,1936,0,2,0,0,0,0,0,0,0,0,0,0,0,0,0,0,0,0,0,0,0,0,0,0,0,0,0,0,0,0,0,0,0,0,0,0,0,0,0,0,0,0,0,0,0,0,0,0,0,0,0,0,0,0,0,0,0,0,0,0,0,0,0,0,0,0,0,0,0,0,0,0,0,0,0,0,0,0,0,0,0,0,0,0,0,0,0,0,0,0,0,4908,0,0
40-4v1v2,"v1v2",1686,0,0,13,0,6,0,0,0,0,21,34,514,0,0,29,0,0,0,929,0,0,0,0,0,0,1,5,0,0,0,0,0,0,0,0,0,1231,0,0,0,0,0,0,0,0,0,0,0,0,0,0,0,0,5,10,627,0,2,20,0,2,0,89,0,0,0,0,0,0,0,0,0,0,0,0,0,0,0,0,0,0,0,0,0,0,0,0,0,0,0,0,0,0,0,0,0,0,0,0,0,0,0,0,0,0,0,0,0,0,0,0,0,0
40-4v3v4,"v3v4",3217,0,0,21,2,34,2,16,0,2,33,78,50,0,0,18,0,0,0,266,2,0,0,84,0,0,0,0,0,0,0,0,0,3,0,0,0,1076,0,0,0,0,0,2,9,4,0,72,0,0,0,0,0,0,0,0,0,0,0,0,0,0,0,0,0,0,0,0,0,0,0,0,0,0,2,0,0,0,0,0,0,0,0,2,0,0,0,0,0,0,0,229,0,0,0,0,0,0,0,0,0,0,0,0,0,0,0,0,0,0,0,0,0,0
40-4v5v7,"v5v7",4089,0,0,0,0,2,0,2,0,0,9,4,0,0,0,0,0,0,0,72,0,0,0,713,0,0,0,0,0,0,0,0,0,0,0,0,0,84,0,0,0,0,0,0,0,0,0,249,0,0,0,0,0,0,0,0,0,0,0,0,0,0,0,0,0,0,0,0,0,0,0,0,0,0,0,0,0,0,0,0,0,0,0,0,0,0,0,0,0,0,0,0,0,0,0,0,0,0,0,0,0,0,0,0,0,0,0,0,0,0,0,0,0,0
40-4v7v9,"v7v9",2389,0,0,0,0,9,0,2,0,0,23,4,65,0,0,0,0,2,0,247,0,0,2,713,0,0,4,5,0,0,0,0,0,0,0,0,0,0,0,0,0,0,0,0,0,0,0,0,0,0,0,0,0,0,0,0,0,0,0,0,0,0,0,0,0,0,0,0,0,0,0,0,0,0,0,0,0,0,0,0,0,0,0,0,0,0,0,0,0,0,0,0,0,0,0,0,0,0,0,0,0,0,0,0,0,0,0,0,0,0,0,1209,466,84
41-3v1v2,"v1v2",2557,0,8,24,2,0,0,0,0,0,5,10,933,0,119,0,0,819,0,10,0,3,0,0,0,0,0,2,0,0,0,0,0,0,0,0,0,0,0,0,0,0,0,0,0,0,0,0,0,0,0,0,0,0,0,15,1426,0,0,37,0,0,9,148,0,0,0,0,0,0,0,0,0,0,0,0,0,0,0,0,0,0,0,0,0,0,0,0,0,0,0,0,0,0,0,0,0,0,0,0,0,0,0,0,0,0,0,0,0,0,0,0,0,0
41-3v3v4,"v3v4",2552,4,44,22,0,2,0,30,14,0,30,10,0,0,213,0,0,2647,0,2,0,0,0,0,1,2,0,0,0,0,0,2,0,0,0,0,0,0,538,0,0,0,0,0,6,0,0,0,0,0,2,0,0,0,0,0,0,0,0,0,0,0,0,0,0,0,0,0,0,2,0,0,0,0,0,0,0,0,0,0,0,0,0,0,0,0,0,0,0,0,0,4,0,0,0,0,0,0,0,0,0,0,0,0,0,0,0,0,0,0,0,0,0,0
41-3v5v7,"v5v7",4066,0,2,0,0,0,0,0,0,0,6,0,0,0,21,0,0,531,0,0,0,0,0,2,0,0,0,0,0,0,0,0,0,0,0,0,0,0,0,0,2,0,0,0,0,0,74,1418,0,0,0,0,0,0,0,0,0,0,0,0,0,0,0,0,0,0,0,0,0,0,0,0,0,0,0,0,0,0,0,0,0,0,0,0,0,0,0,0,0,0,0,0,0,0,0,0,3,0,0,0,2,0,0,0,0,0,0,0,0,0,0,0,0,0
41-3v7v9,"v7v9",1077,0,2,0,0,0,0,15,7,0,33,0,44,0,78,0,0,1418,0,2,0,0,0,0,0,0,2,7,0,0,0,0,0,0,0,0,0,0,0,0,0,0,0,0,0,0,0,0,0,0,0,0,0,0,0,0,0,0,0,0,0,0,0,0,0,0,0,0,0,0,0,0,0,0,0,0,0,0,0,0,0,0,0,0,0,0,0,0,0,0,0,0,0,0,0,0,0,0,0,0,0,0,0,0,0,0,0,0,0,0,0,257,0,3185
50-2v1v2,"v1v2",8862,27,0,616,3,9,0,1966,36,0,149,27,2871,32,13469,25,0,240,0,0,0,75,0,0,136,59,1,4,0,17,0,0,0,6,2,45,0,0,0,0,0,0,0,0,0,0,0,0,0,0,164,2,5,2,6,514,300,0,5,525,7,0,55,14144,0,0,0,0,0,0,0,0,0,0,0,0,0,0,0,0,0,0,0,0,0,0,0,0,0,0,0,0,0,0,0,0,0,0,0,0,0,0,0,0,0,0,0,0,0,0,0,0,0,0
50-2v3v4,"v3v4",25503,97,0,221,11,69,0,1378,11,2,118,19,38,13,15448,11,0,77,0,0,0,0,393,0,145,18,0,0,0,0,0,6,0,0,2,9,0,0,32,0,0,0,223,41,276,0,0,0,0,0,109,3,4,0,0,0,0,0,0,0,0,0,0,0,0,43,0,0,0,0,0,0,0,0,34,0,33,14,3,0,2,0,0,0,0,0,0,0,0,0,0,0,0,0,0,0,0,0,0,0,0,0,0,0,0,0,0,0,0,0,0,0,0,0
50-2v5v7,"v5v7",27496,221,0,350,0,34,0,1570,3,0,286,0,8,0,9005,1,0,11,0,0,0,2053,15,0,0,0,0,0,0,15,0,0,0,0,0,0,0,0,0,0,5,0,56,29,2,0,2747,74,0,0,0,0,0,0,0,0,0,0,0,0,0,0,0,0,0,0,0,0,0,0,0,0,0,0,0,0,0,0,0,0,0,0,0,0,0,0,0,0,0,0,0,0,0,0,1,0,7,122,271,24,0,0,0,0,0,0,0,0,0,0,0,0,0,0
50-2v7v9,"v7v9",17757,56,0,12,0,0,0,1319,12,0,106,4,1085,0,4800,8,0,74,0,0,0,71,0,0,0,17,1,9,0,0,0,0,0,0,0,0,0,0,0,0,0,0,0,0,0,0,0,0,0,0,0,0,0,0,0,0,0,0,0,0,0,0,0,0,0,0,0,0,0,0,0,0,0,0,0,0,0,0,0,0,0,0,0,0,0,0,0,0,0,0,0,0,0,0,0,0,0,0,0,0,0,0,0,0,0,0,193,0,0,0,4,18769,0,109
51-2v1v2,"v1v2",33674,27,13,363,0,0,0,326,248,0,444,10,6965,0,252,28,0,25261,35,133,8,2,0,0,6,12,0,10,0,2,0,4,0,0,0,4,17,0,0,0,0,46,0,0,0,0,0,0,0,7,4,0,18,0,22,250,16585,0,13,568,2,3,8,1393,0,0,0,0,0,0,0,0,0,0,0,0,0,0,0,0,0,0,0,0,0,0,0,0,0,0,0,0,0,0,0,0,0,0,0,0,0,0,0,0,0,0,0,0,0,0,0,0,0,0
51-2v3v4,"v3v4",40329,24,67,312,4,7,0,963,170,18,587,35,42,0,370,72,1,24676,51,81,7,0,41,0,6,14,0,0,0,6,0,68,0,0,2,3,58,0,17473,0,0,0,49,13,682,10,3,47,12,10,24,6,27,0,0,0,0,0,0,0,0,0,0,0,0,129,0,0,3,82,0,0,0,0,9,3,8,2,54,0,0,0,2,9,0,0,0,28,0,15,23,26,0,0,0,0,0,0,0,0,0,0,0,0,0,0,0,0,0,0,0,0,0,0
51-2v5v7,"v5v7",55325,44,73,328,0,9,0,670,38,0,689,8,21,0,203,48,0,17470,22,47,0,37,4,0,0,0,0,0,0,31,0,14,0,0,0,0,28,0,4,0,35,23,5,5,0,0,42,11471,0,0,0,0,0,0,0,0,0,0,0,0,0,0,0,0,0,0,0,0,0,0,0,0,0,0,0,0,0,0,0,0,0,0,0,0,0,0,0,0,0,0,0,0,0,0,0,0,15,8,25,7,4,2,0,8,0,0,0,0,0,0,0,0,0,0
51-2v7v9,"v7v9",28178,4,10,58,0,0,0,163,54,2,304,4,1006,0,79,21,0,11426,8,45,0,46,0,0,0,6,47,80,0,0,0,0,0,0,0,0,0,0,0,0,0,0,0,0,0,0,0,0,0,0,0,0,0,0,0,0,0,0,0,0,0,0,0,0,0,0,0,0,0,0,0,0,0,0,0,0,0,0,0,0,0,0,0,0,0,0,0,0,0,0,0,0,0,0,0,0,0,0,0,0,0,0,0,0,0,0,18,0,0,0,15,3016,0,42173
60-1v1v2,"v1v2",17585,0,25,143,0,0,0,2,65,0,47,28,6029,0,125,4,0,147,4664,17003,0,2,0,0,2,0,0,9,0,0,0,0,0,0,0,21,0,0,0,0,0,0,0,0,0,0,0,0,0,0,0,0,0,0,12,37,8345,5,6,86,0,0,2,1787,0,0,0,0,0,0,0,0,0,0,0,0,0,0,0,0,0,0,0,0,0,0,0,0,0,0,0,0,0,0,0,0,0,0,0,0,0,0,0,0,0,0,0,0,0,0,0,0,0,0
60-1v3v4,"v3v4",28972,3,78,91,17,10,0,76,53,0,95,25,889,4,354,14,4,113,6079,8367,8,0,6,0,2,4,0,0,0,0,0,8,0,0,0,14,0,0,94,0,0,0,0,2,104,4,3,6671,0,0,6,6,0,0,0,0,0,0,0,0,0,0,0,0,0,380,0,0,0,82,0,0,0,0,6,0,7,2,11,0,0,0,0,0,0,0,0,0,0,0,0,3517,0,0,0,0,0,0,0,0,0,0,0,0,0,0,0,0,0,0,0,0,0,0
60-1v5v7,"v5v7",38114,0,82,131,2,6,0,73,8,0,107,2,7,0,197,4,0,50,3091,6671,2,46,0,0,0,0,0,0,0,7,0,0,0,0,0,9,0,0,3,0,9,0,0,7,0,0,43,6552,0,0,0,0,0,0,0,0,0,0,0,0,0,0,0,0,0,0,0,0,0,0,0,0,0,0,0,0,0,0,0,0,0,0,0,0,0,0,0,0,0,0,0,0,0,0,0,0,9,2,2,2,0,2,0,941,0,0,0,0,0,0,0,0,0,0
60-1v7v9,"v7v9",22595,0,13,22,0,0,0,21,18,0,72,2,511,0,86,7,0,38,941,6514,0,3,0,0,0,0,7,7,0,0,0,0,0,0,0,0,0,0,0,0,0,0,0,0,0,0,0,0,0,0,0,0,0,0,0,0,0,0,0,0,0,0,0,0,0,0,0,0,0,0,0,0,0,0,0,0,0,0,0,0,0,0,0,0,0,0,0,0,0,0,0,0,0,0,0,0,0,0,0,0,0,0,0,0,2,0,0,0,0,3,2,25106,0,211
61-1v1v2,"v1v2",22636,0,0,2,0,0,0,0,0,0,0,0,7391,0,2,0,0,0,20,21702,0,0,0,0,0,0,0,0,0,0,0,0,0,0,0,0,0,0,0,0,0,0,0,0,0,0,0,0,0,0,0,0,0,0,197,0,13663,0,0,3,0,0,0,14,0,0,0,0,0,0,0,0,0,0,0,0,0,0,0,0,0,0,0,0,0,0,0,0,0,0,0,0,0,0,0,0,0,0,0,0,0,0,0,0,0,0,0,0,0,0,0,0,0,0
61-1v3v4,"v3v4",31518,0,0,7,0,0,0,7,0,0,0,0,759,0,2,0,0,14,24,12800,0,0,0,0,2,0,0,0,0,0,0,0,0,0,0,0,0,0,6,0,0,0,0,0,0,0,0,14659,0,0,0,0,0,0,0,0,0,0,0,0,0,0,0,0,0,0,0,0,0,0,0,0,0,0,0,0,0,0,0,0,0,0,0,0,0,0,0,0,0,0,0,5832,0,0,0,0,0,0,0,0,0,0,0,0,0,0,0,0,0,0,0,0,0,0
61-1v5v7,"v5v7",40399,0,0,5,0,0,0,0,0,0,2,0,0,0,0,0,0,6,15,14659,0,0,0,0,0,0,0,0,0,0,0,0,0,0,0,0,0,0,0,0,0,0,0,0,0,0,0,10542,0,0,0,0,0,0,0,0,0,0,0,0,0,0,0,0,0,0,0,0,0,0,0,0,0,0,0,0,0,0,0,0,0,0,0,0,0,0,0,0,0,0,0,0,0,0,0,0,0,0,0,0,0,0,0,2,0,0,0,0,0,0,0,0,0,0
61-1v7v9,"v7v9",21736,0,0,0,0,0,0,0,0,0,0,0,562,0,0,0,0,4,2,10538,0,1,0,0,0,0,0,0,0,0,0,0,0,0,0,0,0,0,0,0,0,0,0,0,0,0,0,0,0,0,0,0,0,0,0,0,0,0,0,0,0,0,0,0,0,0,0,0,0,0,0,0,0,0,0,0,0,0,0,0,0,0,0,0,0,0,0,0,0,0,0,0,0,0,0,0,0,0,0,0,0,0,0,0,0,0,0,0,0,0,0,32767,0,20
62-1v1v2,"v1v2",33646,0,0,40,0,0,0,6,8,0,9,0,5442,0,2,0,0,42583,6,91,0,0,0,0,0,0,0,0,0,0,0,0,0,0,0,0,0,0,0,0,0,3,0,0,0,0,0,0,0,0,0,0,0,0,12,19,26505,0,4,40,0,0,0,43,0,0,0,0,0,0,0,0,0,0,0,0,0,0,0,0,0,0,0,0,0,0,0,0,0,0,0,0,0,0,0,0,0,0,0,0,0,0,0,0,0,0,0,0,0,0,0,0,0,0
62-1v3v4,"v3v4",52792,6,18,53,2,0,0,43,13,0,29,2,5,0,2,2,0,34392,7,38,2,0,4,0,2,0,0,0,0,0,0,2,0,0,0,0,0,0,20908,0,0,0,6,2,34,0,2,59,0,0,7,0,0,0,0,0,0,0,0,0,0,0,0,0,0,4,0,0,0,10,0,0,0,0,0,0,2,2,0,0,0,0,0,0,0,0,0,0,0,0,0,9,0,0,0,0,0,0,0,0,0,0,0,0,0,0,0,0,0,0,0,0,0,0
62-1v5v7,"v5v7",77443,2,7,39,0,0,0,14,0,0,34,0,0,0,0,2,0,10588,2,59,0,0,0,4122,0,0,0,0,0,4,0,0,0,0,0,0,0,0,0,0,2,0,2,2,0,0,0,5811,0,0,0,0,0,0,0,0,0,0,0,0,0,0,0,0,0,0,0,0,0,0,0,0,0,0,0,0,0,0,0,0,0,0,0,0,0,0,0,0,0,0,0,0,0,0,0,0,2,0,4,0,0,0,10320,0,0,0,0,0,0,0,0,0,0,0
62-1v7v9,"v7v9",42855,2,2,16,0,0,0,10,4,0,34,0,89,0,0,0,0,9889,0,44,0,0,0,0,0,0,3,4,0,0,0,0,0,0,0,0,0,0,0,0,0,0,0,0,0,0,0,0,0,0,0,0,0,0,0,0,0,0,0,0,0,0,0,0,0,0,0,0,0,0,0,0,0,0,0,0,0,0,0,0,0,0,0,0,0,0,0,0,0,0,0,0,0,0,0,0,0,0,0,0,0,0,0,0,0,0,0,0,0,0,1,206,0,55300
